askpatty,0
crystal40605847,0
vikki62781928,0
cmlopez74,0
ellenofficefan,0
laceandsparkls,0
taylernekole,0
eugenieprince,0
impavitraselvam,0
mererickvt,0
intensenina85,0
angieharder99,0
kkroll2016,0
andreahsueh,0
maralaregina,0
laerciogospel,1
melissajayne95x,0
keisha36346,0
pamlee_hockly,0
gkolansky,1
babyyshekk,0
laneybucmom,0
rivenbark_kelly,0
marks_shaun00,1
portiamashweu,0
nelly_iovcheva,0
camilleguyote,0
alphafemale1,0
missdesi88,0
wisconsinmommy,0
zylvhano,1
jaxon_casey,0
probabysolution,0
ivierosalyn_17,0
natashavbrown,0
isa1directi0n,1
jacquel38411638,0
jassminetteune,0
mubarak_alamgir,1
nelisiwe_mafu,0
shirley90398699,0
scuzzortege,1
berkelybased,0
charliemerritt,1
brenda67611119,0
thechocdiva,0
igiftedplanet,0
dukemanesm,0
kikkoryan84,0
stephmiller09,0
shereeangel7,0
lovingyou1981,0
twittahfeed,1
carissa_tardiff,0
erikalvarez,0
tedrashelby,0
cerenitywilson1,0
lisamar22549945,
jeskaturner,
mediadivasng,
alishaflakelar,0
acebankzzz,1
abdulwa43971334,
divadawnotto,
smashmouth,
kistnercindy,0
psychichealerc,
yazmin36159207,0
bellasixx_79,0
leads2fullcycle,
salomexandra,
ms_queenlizzy,
stephsday,
gaillanette,
mrslgigante,
lplebeyacotilla,
mostafa_e7,
freefrommom,
dawnjwv,
gracesugar2,0
adoptee1967,
dreamwalls,
kev6853,
socialtravelex,
traceybusch,0
abbasovarahile,
carissablackma7,0
melissap1986,0
iyaridm,
jays35830178,
princessjanai20,0
patrici36595711,0
erikame2246,0
mdandy83gmailc2,
eliza_curley,0
mideokuyiga,
immmagdaong,
kermi16,
mavimsin_mavi,
mathdelasnerie,0
oanaronci04,
eattherude17,
samantha_j3an,0
georgiafans2,
robin_vierra,0
thetamaragarcia,
kelincimaduoff1,
newgolgotha,
ladyzee92603462,
rukiyayeasmin,
sapco78,
beans91186,
lightofsteorra,
carotje7,
titju59,
amberbrennand,0
izzylouisexox24,0
aratiqullah,
kolasatya1438,