mainman772,1
alex386xd,1
dacksanborn,1
abmurray7,0
christo54106808,1
jeannefay17,0
marikdickson,1
steve1660,1
shanenudd,1
myeka_johnson,0
bryceortiz3,1
pcthegod,1
_ethanmunoz,1
jarrardsublett,1
deauxb,1
hnbxx3,0
superboredfin23,1
emilynbanks,0
patti59924595,0
johnstyyy,1
steph_baiden,0
longpal3,1
takosupremee,0
fief_lord,1
cassieerinj,0
golfcam205,1
jw_bowden,1
kerschp13,1
thebo55ness,1
that_chubbydude,1
agustina_fdb,0
zachbell02,1
charlesmarcelj1,1
kobroch,1
timothy_gramm,1
coltbrave89,1
jb3rg3r,1
bradley_jackss,1
24watermalone,1
coledozer,1
briepinnix,0
eric_johnson_22,1
anthony_will12,1
jimgooch41,1
jake_kauf,1
mariahhilliard3,0
jmalx27,1
prosper06449758,1
zoecyrluk,0
gimplejosh,1
manocatano,1
justjose17,1
catharticcurios,1
savhn2,0
rambodroozbehi,
yourmomsbbq,
ector05037941,
case23mcgruder,
sayeeeeeeeeeeed,
bach15207265,
brandingo1901,
zachwchristian,
samchapis1,
hmgbaby,
bandnamebot5000,
kimitripp,
nick_wadden,
dylanda15570322,
beeposaurusrex,
will_davis30,
mike_mccarthy81,
vincent94635090,
evanjacobsen65,
bray_how_3,
cdave_2,
revgoodtimes,
the_clarkeee,
jkherrod,
dtolentino09,
gocapopovic1234,
kjhkjhlkjhl,
yiayang11,
haberjm4,
biarlo_joe,
fikyyblood,
joliveira69420,
gregglovesgiant,
taylorleajames,
jtlarson2018,
drewyeager10,
kialnicole1,
jackramie21,
rikopa2,
sspriggs33,
soldevilla_raul,
karmamike88,
beeerty112,
zackrness,
jillianh0925,
sloppy_hes,
baytalksportsfl,
tom_dog_14,
mrmeoff1,
sanitariumed,
nate_hruby23,
lizzie_kelley11,
b_whitehorne,
cjjohnsonjr,
james82805655,
rosinedusenge,
shannonnjoyce,
brooke14__,
marcelaa_mdz,
alhassankpower1,
god_jwallgod,
sachin7269,
bmilly72,
edriley14,
daglizzymyraaa,
christe78269418,
joshuaedwardnic,
ryan_larson21,
israr5839643,
hunter_mitton,
johnlorusso_,
fharren_kivett,
drr3theboss,
dell_darlynn,
shansen375,
johnath62218711,
matt_man_5,
itsssjustlolo,
wangadang3,
aaron_frame21,
burgboycory,
pressgrade,
cameronfcb10,
chris252692,
nathaneswift,
deku09503084,
youngslevin,