strong,empowering,,
radiant,empowering,,
loving,empowering,,
smart,empowering,,
brilliant,empowering,,
intelligent,empowering,,
beautiful,empowering,,
courageous,empowering,,
lovely,empowering,,
transforming,empowering,,
transform ,empowering,,
grace,empowering,,
powerful,empowering,,
compelling,empowering,,
passionate,empowering,,
accomplish,empowering,,
achieve,empowering,,
empower,empowering,,
change,empowering,,
future,empowering,,
chic,empowering,,
hardworking,empowering,,
potential,empowering,,
grow,empowering,,
positive,empowering,,
conquer,empowering,,
unstoppable,empowering,,
mission,empowering,,
exercise,empowering,,
fit,empowering,,
strength,empowering,,
courage,empowering,,
character,empowering,,
beauty,empowering,,
equal,empowering,,
equality,empowering,,
brave,empowering,,
fierce,empowering,,
stand,empowering,,
empowered,empowering,,
together,empowering,,
imaginative,empowering,,
successful,empowering,,
success,empowering,,
dreams,empowering,,
dream,empowering,,
learning,empowering,,
learn,empowering,,
healthy,empowering,,
rise,empowering,,
challenge,empowering,,
proud,empowering,,
kind,empowering,,
compassionate,empowering,,
extraordinary,empowering,,
confident,empowering,,
confidence,empowering,,
daughter,empowering,,
mother,empowering,,
sister,empowering,,
support,empowering,,
supportive,empowering,,
inspire,empowering,,
inspiring,empowering,,
goals,empowering,,
passion,empowering,,
fearless,empowering,,
teach,empowering,,
encourage,empowering,,
role model,empowering,,
creative,empowering,,
entreprenuer,empowering,,
entreprenuers,empowering,,
stronger,empowering,,
mothers,empowering,,
sisters,empowering,,
daughters,empowering,,
wonderful,empowering,,
imagination,empowering,,
raise,empowering,,
feminist,empowering,,
feminism,empowering,,
great,empowering,,
message,empowering,,
messages,empowering,,
compete,empowering,,
competing,empowering,,
mom,empowering,,
voice,empowering,,
educate,empowering,,
education,empowering,,
motivate,empowering,,
motivation,empowering,,
motivational,empowering,,
lead,empowering,,
leader,empowering,,
real,empowering,,
sport,empowering,,
sports,empowering,,
athlete,empowering,,
athletic,empowering,,
include,empowering,,
inclusion,empowering,,
damn,objectifying,,
bitch,objectifying,,
ass,objectifying,,
hot,objectifying,,
pussy,objectifying,,
tits,objectifying,,
titties,objectifying,,
bimbo,objectifying,,
sex,objectifying,,
bang,objectifying,,
smokeshow,objectifying,,
woof,objectifying,,
boobs,objectifying,,
sexy,objectifying,,
kitty,objectifying,,
bunny,objectifying,,
blonde,objectifying,,
cougar,objectifying,,
chick,objectifying,,
mama,objectifying,,
doll,objectifying,,
tease,objectifying,,
butterface,objectifying,,
rear,objectifying,,
wagon,objectifying,,
bazongas,objectifying,,
caboose,objectifying,,
meat,objectifying,,
honkers,objectifying,,
cannons,objectifying,,
backside,objectifying,,
bad,objectifying,,
naughty,objectifying,,
buttaface,objectifying,,
wifey,objectifying,,
yummy,objectifying,,
milf,objectifying,,
donk,objectifying,,
exotic,objectifying,,
erotic,objectifying,,
booty,objectifying,,
slut,objectifying,,
cunt,objectifying,,
breasts,objectifying,,
rack,objectifying,,
jugs,objectifying,,
hooters,objectifying,,
knockers,objectifying,,
set,objectifying,,
boobies,objectifying,,
bottom,objectifying,,
behind,objectifying,,
thicc,objectifying,,
thic,objectifying,,
thick,objectifying,,
bum,objectifying,,
backside,objectifying,,
eat,objectifying,,
buns,objectifying,,
bangable,objectifying,,
fox,objectifying,,
foxy,objectifying,,
tasty,objectifying,,
babe,objectifying,,
smoke,objectifying,,
slutty,objectifying,,
tap,objectifying,,
fucking,objectifying,,
fuck,objectifying,,
porn,objectifying,,
porno,objectifying,,
dick,objectifying,,
dirty,objectifying,,
butts,objectifying,,
butt,objectifying,,
bunnies,objectifying,,
asses,objectifying,,
pornography,objectifying,,
sluts,objectifying,,
stupid,objectifying,,
dumb,objectifying,,
ditzy,objectifying,,
stripper,objectifying,,
strip ,objectifying,,
prostitute,objectifying,,
hooker,objectifying,,
sex object,objectifying,,
raunchy,objectifying,,
raunch ,objectifying,,
hit,objectifying,,
prude,objectifying,,
kitten,objectifying,,
girly girl,objectifying,,
sex kitten,objectifying,,
chicks,objectifying,,
frigid,objectifying,,
high maintenance,objectifying,,
ditsy,objectifying,,
frumpy,objectifying,,
hormonal,objectifying,,
hottie,objectifying,,
bad girl,objectifying,,
little lady,objectifying,,