damn,objectifying
bitch,objectifying
ass,objectifying
hot,objectifying
pussy,objectifying
tits,objectifying
titties,objectifying
bimbo,objectifying
sex,objectifying
bang,objectifying
smokeshow,objectifying
woof,objectifying
boobs,objectifying
sexy,objectifying
kitty,objectifying
bunny,objectifying
blonde,objectifying
cougar,objectifying
chick,objectifying
mama,objectifying
doll,objectifying
tease,objectifying
butterface,objectifying
rear,objectifying
wagon,objectifying
bazongas,objectifying
caboose,objectifying
meat,objectifying
honkers,objectifying
cannons,objectifying
backside,objectifying
bad,objectifying
naughty,objectifying
buttaface,objectifying
wifey,objectifying
yummy,objectifying
milf,objectifying
donk,objectifying
exotic,objectifying
erotic,objectifying
booty,objectifying
slut,objectifying
cunt,objectifying
breasts,objectifying
rack,objectifying
jugs,objectifying
hooters,objectifying
knockers,objectifying
set,objectifying
boobies,objectifying
bottom,objectifying
behind,objectifying
thic,objectifying
thick,objectifying
bum,objectifying
backside,objectifying
eat,objectifying
bum,objectifying
buns,objectifying
bangable,objectifying
fox,objectifying
foxy,objectifying
tasty,objectifying
babe,objectifying
smoke,objectifying
slutty,objectifying
tap,objectifying
fucking,objectifying
fuck,objectifying
porn,objectifying
porno,objectifying
dick,objectifying
dirty,objectifying
butts,objectifying
butt,objectifying
bunnies,objectifying
asses,objectifying
pornography,objectifying
terrible,objectifying
sluts,objectifying
strong,empowering
love,empowering
smart,empowering
beautiful,empowering
lovely,empowering
do,empowering
anything,empowering
be,empowering
empower,empowering
change,empowering
future,empowering
chic,empowering
work,empowering
potential,empowering
grow,empowering
positive,empowering
conquer,empowering
make,empowering
happen,empowering
unstoppable,empowering
mission,empowering
exercise,empowering
fit,empowering
strength,empowering
courage,empowering
character,empowering
beauty,empowering
within,empowering
equal,empowering
equality,empowering
brave,empowering
fierce,empowering
stand,empowering
empowered,empowering
together,empowering
imagine,empowering
successful,empowering
success,empowering
dreams,empowering
dream,empowering
learning,empowering
learn,empowering
healthy,empowering
inside,empowering
push,empowering
rise,empowering
challenge,empowering
proud,empowering
kind,empowering
compassionate,empowering
extraordinary,empowering
confident,empowering
confidence,empowering
daughter,empowering
mother,empowering
sister,empowering
friend,empowering
support,empowering
supportive,empowering
inspire,empowering
inspiring,empowering
goals,empowering
passion,empowering
fearless,empowering
deserve,empowering
teach,empowering
keep,empowering
going,empowering
encourage,empowering
role,empowering
true ,empowering
creative,empowering
entreprenuer,empowering
entreprenuers,empowering
stronger,empowering
mothers,empowering
sisters,empowering
daughters,empowering
wonder,empowering
wonderful,empowering
imagination,empowering
raising,empowering
raise,empowering
feminist,empowering
feminism,empowering
great,empowering
message,empowering
messages,empowering
play,empowering
playing,empowering
compete,empowering
competing,empowering
mom,empowering
voice,empowering
educate,empowering
education,empowering
motivation,empowering
motivational,empowering
lead,empowering
leader,empowering
real,empowering
lift,empowering
lifting,empowering
weights,empowering
sport,empowering
sports,empowering
athlete,empowering
athletic,empowering
athletics,empowering
health,empowering
diversity,empowering
inclusion,empowering